current_rssi,candidate_rssi,current_latency,candidate_latency,current_loss,candidate_loss,current_trend,candidate_trend,decision
-78,-57,109,21,7.7,1.2,-7,3,HANDOVER
-47,-75,39,34,0.9,1.7,2,-5,STAY
-69,-53,104,37,6.7,0.4,-13,7,HANDOVER
-77,-51,107,39,4.0,0.4,-10,7,HANDOVER
-71,-50,113,21,9.5,0.5,-8,13,HANDOVER
-57,-65,35,53,0.1,2.5,3,0,STAY
-56,-56,22,38,1.0,3.3,3,0,STAY
-66,-54,84,24,7.7,1.2,-13,14,HANDOVER
-46,-78,21,43,1.2,2.7,5,-2,STAY
-71,-46,64,28,6.3,0.3,-15,6,HANDOVER
-80,-48,70,34,6.6,2.0,-11,15,HANDOVER
-68,-48,70,24,8.5,1.4,-6,8,HANDOVER
-69,-56,98,28,5.5,1.3,-3,5,HANDOVER
-51,-55,24,42,0.3,2.4,-1,-3,STAY
-70,-56,105,32,5.9,1.2,-10,6,HANDOVER
-52,-71,21,41,0.0,2.6,2,-2,STAY
-70,-51,64,27,8.8,1.3,-14,6,HANDOVER
-60,-72,18,38,1.0,1.3,-1,-2,STAY
-70,-48,99,25,7.6,1.2,-14,5,HANDOVER
-65,-54,118,38,7.1,1.4,-14,8,HANDOVER
-72,-47,69,17,5.6,1.6,-7,6,HANDOVER
-55,-60,24,44,0.6,4.8,2,0,STAY
-60,-66,17,30,0.1,3.1,-1,1,STAY
-50,-76,34,47,0.5,1.4,1,-5,STAY
-53,-61,32,44,1.3,2.5,5,-4,STAY
-60,-55,21,34,1.8,4.0,-1,-4,STAY
-78,-52,97,20,9.6,0.2,-4,6,HANDOVER
-70,-53,66,28,3.0,0.2,-15,8,HANDOVER
-56,-66,16,75,1.2,3.4,4,0,STAY
-77,-49,87,25,6.0,1.1,-4,13,HANDOVER
-48,-74,19,52,1.1,2.2,5,-1,STAY
-45,-55,18,39,1.3,3.4,4,-3,STAY
-53,-56,31,79,0.6,1.1,4,-1,STAY
-60,-75,24,42,0.9,1.1,5,-4,STAY
-70,-49,70,34,5.0,0.0,-13,14,HANDOVER
-72,-49,87,39,3.9,0.4,-11,10,HANDOVER
-49,-76,20,31,0.1,4.1,4,2,STAY
-78,-45,103,24,9.9,0.0,-12,11,HANDOVER
-55,-72,26,80,1.2,1.5,-1,-2,STAY
-49,-56,15,42,1.6,3.8,1,1,STAY
-45,-67,19,72,1.9,1.8,5,-5,STAY
-80,-49,115,19,9.2,0.7,-8,12,HANDOVER
-47,-59,27,39,0.9,3.1,-1,2,STAY
-78,-53,101,38,6.4,0.8,-11,4,HANDOVER
-72,-57,87,30,7.0,1.7,-4,6,HANDOVER
-46,-62,34,75,0.6,3.3,0,2,STAY
-72,-45,103,34,3.4,0.1,-11,13,HANDOVER
-55,-62,32,34,0.3,4.2,5,0,STAY
-45,-73,35,50,0.8,4.0,2,-1,STAY
-69,-58,98,38,8.4,1.4,-11,12,HANDOVER
-80,-58,75,22,7.6,1.3,-9,6,HANDOVER
-53,-59,29,52,1.1,1.8,5,0,STAY
-71,-56,73,28,7.2,0.6,-3,11,HANDOVER
-46,-63,27,43,0.2,4.2,-1,2,STAY
-53,-73,22,68,1.9,2.6,3,1,STAY
-79,-53,71,32,6.7,1.0,-3,4,HANDOVER
-66,-46,83,30,3.7,0.9,-3,3,HANDOVER
-79,-46,109,22,3.4,1.6,-10,6,HANDOVER
-59,-57,33,77,0.1,3.8,-1,-1,STAY
-56,-76,18,78,0.5,2.7,3,-2,STAY
-79,-50,68,24,4.6,0.3,-14,14,HANDOVER
-66,-60,100,17,5.2,1.9,-9,11,HANDOVER
-51,-74,29,68,1.9,2.4,4,2,STAY
-75,-56,99,35,9.2,2.0,-13,9,HANDOVER
-52,-65,27,43,1.2,2.7,2,-5,STAY
-80,-57,117,17,4.6,1.6,-9,5,HANDOVER
-48,-57,32,45,1.2,2.7,2,-5,STAY
-47,-66,20,46,1.3,4.9,3,-4,STAY
-48,-66,23,37,0.2,3.1,1,-4,STAY
-45,-79,28,72,0.7,2.4,-1,0,STAY
-73,-52,71,36,7.2,1.4,-10,6,HANDOVER
-68,-53,115,20,7.5,0.6,-8,11,HANDOVER
-72,-56,120,28,6.8,0.3,-9,9,HANDOVER
-75,-53,87,19,5.7,1.5,-3,15,HANDOVER
-57,-56,19,44,1.5,3.1,4,-5,STAY
-46,-77,17,33,0.6,1.1,4,-4,STAY
-58,-68,20,38,1.6,3.5,5,-5,STAY
-72,-58,113,15,5.8,1.3,-10,13,HANDOVER
-75,-50,69,19,9.3,0.4,-13,12,HANDOVER
-67,-54,71,21,7.0,0.8,-13,11,HANDOVER
-73,-60,113,24,8.6,0.9,-15,14,HANDOVER
-54,-63,40,55,0.2,3.5,2,2,STAY
-49,-57,35,69,0.5,5.0,4,2,STAY
-57,-63,33,76,0.4,2.6,4,-1,STAY
-51,-57,37,52,0.6,4.3,1,-4,STAY
-48,-68,28,57,1.8,3.6,2,-1,STAY
-59,-61,33,80,0.1,2.1,3,2,STAY
-78,-54,120,21,4.0,0.6,-15,14,HANDOVER
-53,-72,33,37,0.5,4.1,-1,1,STAY
-73,-58,66,32,5.6,0.4,-9,7,HANDOVER
-70,-50,113,20,9.5,0.4,-12,10,HANDOVER
-53,-77,36,58,1.3,4.7,-1,-3,STAY
-70,-45,101,39,3.7,1.4,-4,3,HANDOVER
-77,-50,65,19,3.9,1.4,-9,13,HANDOVER
-59,-79,29,36,1.9,3.0,4,-5,STAY
-60,-79,30,34,0.3,1.6,-1,0,STAY
-75,-58,65,40,8.8,1.6,-7,14,HANDOVER
-53,-55,27,54,0.7,3.7,-1,1,STAY
-80,-47,68,15,7.0,1.2,-15,3,HANDOVER
-74,-47,75,17,6.3,1.5,-12,6,HANDOVER
